{"initial_reset_timestamp": 1722744384.0447187, "timestamps": [1722744425.4523485], "episode_lengths": [576], "episode_rewards": [-575.0], "episode_types": ["t"]}