{"initial_reset_timestamp": 1722741300.85456, "timestamps": [1722741320.2707326], "episode_lengths": [307], "episode_rewards": [-306.0], "episode_types": ["t"]}