{"initial_reset_timestamp": 1722744517.6823673, "timestamps": [1722744815.9133482], "episode_lengths": [2119], "episode_rewards": [-2118.0], "episode_types": ["t"]}