{"initial_reset_timestamp": 1722692214.4899504, "timestamps": [1722692226.0297332], "episode_lengths": [282], "episode_rewards": [-281.0], "episode_types": ["t"]}