{"initial_reset_timestamp": 1722141745.1765108, "timestamps": [1722141816.408917, 1722141843.8092983, 1722141862.029493], "episode_lengths": [3543, 1365, 906], "episode_rewards": [-3542.0, -1364.0, -905.0], "episode_types": ["t", "t", "t"]}