{"initial_reset_timestamp": 1722141687.746265, "timestamps": [1722141704.19727, 1722141714.9073422], "episode_lengths": [805, 531], "episode_rewards": [-804.0, -530.0], "episode_types": ["t", "t"]}