{"initial_reset_timestamp": 1722766105.3028743, "timestamps": [1722766375.8008692], "episode_lengths": [665], "episode_rewards": [-664.0], "episode_types": ["t"]}