{"initial_reset_timestamp": 1722741494.3998861, "timestamps": [1722741513.6749742], "episode_lengths": [307], "episode_rewards": [-306.0], "episode_types": ["t"]}