{"initial_reset_timestamp": 1722764828.8334925, "timestamps": [1722765065.8162768], "episode_lengths": [603], "episode_rewards": [-602.0], "episode_types": ["t"]}