{"initial_reset_timestamp": 1722691948.5085886, "timestamps": [1722691960.161344], "episode_lengths": [282], "episode_rewards": [-281.0], "episode_types": ["t"]}