{"initial_reset_timestamp": 1722743929.9274795, "timestamps": [1722744043.2061245], "episode_lengths": [1323], "episode_rewards": [-1322.0], "episode_types": ["t"]}