{"initial_reset_timestamp": 1722743565.8651214, "timestamps": [1722743580.8120964], "episode_lengths": [316], "episode_rewards": [-315.0], "episode_types": ["t"]}