{"initial_reset_timestamp": 1722744081.2040515, "timestamps": [1722744094.5278518], "episode_lengths": [229], "episode_rewards": [-228.0], "episode_types": ["t"]}