{"initial_reset_timestamp": 1722741855.8818667, "timestamps": [1722742112.3195395], "episode_lengths": [2032], "episode_rewards": [-2031.0], "episode_types": ["t"]}