{"initial_reset_timestamp": 1722741814.8019047, "timestamps": [1722741848.758763], "episode_lengths": [602], "episode_rewards": [-601.0], "episode_types": ["t"]}