{"initial_reset_timestamp": 1722744448.8639362, "timestamps": [1722744503.2360032], "episode_lengths": [719], "episode_rewards": [-718.0], "episode_types": ["t"]}