{"initial_reset_timestamp": 1722773139.7840102, "timestamps": [1722773291.2907646], "episode_lengths": [427], "episode_rewards": [-426.0], "episode_types": ["t"]}