{"initial_reset_timestamp": 1722741194.2761025, "timestamps": [1722741237.2052577], "episode_lengths": [584], "episode_rewards": [-583.0], "episode_types": ["t"]}