{"initial_reset_timestamp": 1722691121.452197, "timestamps": [1722691169.154851], "episode_lengths": [282], "episode_rewards": [-281.0], "episode_types": ["t"]}