{"initial_reset_timestamp": 1722692256.9769127, "timestamps": [1722692271.352128], "episode_lengths": [309], "episode_rewards": [-308.0], "episode_types": ["t"]}