{"initial_reset_timestamp": 1722743893.0756626, "timestamps": [1722743905.096238], "episode_lengths": [282], "episode_rewards": [-281.0], "episode_types": ["t"]}