{"initial_reset_timestamp": 1722692026.0691757, "timestamps": [1722692038.1339715], "episode_lengths": [282], "episode_rewards": [-281.0], "episode_types": ["t"]}