{"initial_reset_timestamp": 1722692231.1984046, "timestamps": [1722692243.1016705], "episode_lengths": [282], "episode_rewards": [-281.0], "episode_types": ["t"]}