{"initial_reset_timestamp": 1722763864.6538982, "timestamps": [1722763969.8391123], "episode_lengths": [1096], "episode_rewards": [-1095.0], "episode_types": ["t"]}