{"initial_reset_timestamp": 1722743806.6695795, "timestamps": [1722743875.2494226], "episode_lengths": [1004], "episode_rewards": [-1003.0], "episode_types": ["t"]}